{"cameraMode":{"drawMode":0,"name":"Shaded","section":"Shading Mode"},"sceneLighting":false,"audioPlay":false,"sceneViewState":{"showFog":true,"showMaterialUpdate":true,"showSkybox":true,"showFlares":true,"showImageEffects":true,"showParticleSystems":true},"in2DMode":false,"pivot":{"x":-0.015155792236328125,"y":0.5135861039161682,"z":0.010640501976013184},"rotation":{"x":0.0044693187810480598,"y":0.8030288815498352,"z":-0.00602336972951889,"w":0.5958929061889648},"size":1.8122196197509766,"orthographic":false}