{"cameraMode":{"drawMode":0,"name":"Shaded","section":"Shading Mode"},"sceneLighting":false,"audioPlay":false,"sceneViewState":{"showFog":true,"showMaterialUpdate":true,"showSkybox":true,"showFlares":true,"showImageEffects":true,"showParticleSystems":true},"in2DMode":false,"pivot":{"x":0.03252272307872772,"y":-0.038614824414253238,"z":0.06692322343587876},"rotation":{"x":0.08374904096126557,"y":0.8189063668251038,"z":-0.12376494705677033,"w":0.5541306138038635},"size":0.22118373215198518,"orthographic":false}