{"cameraMode":{"drawMode":0,"name":"Shaded","section":"Shading Mode"},"sceneLighting":false,"audioPlay":false,"sceneViewState":{"showFog":true,"showMaterialUpdate":true,"showSkybox":true,"showFlares":true,"showImageEffects":true,"showParticleSystems":true},"in2DMode":false,"pivot":{"x":0.0,"y":5.782557010650635,"z":0.1018764078617096},"rotation":{"x":0.05349739268422127,"y":0.9393829107284546,"z":-0.17239584028720857,"w":0.29150909185409548},"size":1.1473408937454224,"orthographic":false}