{"cameraMode":{"drawMode":0,"name":"Shaded","section":"Shading Mode"},"sceneLighting":false,"audioPlay":false,"sceneViewState":{"showFog":true,"showMaterialUpdate":false,"showSkybox":true,"showFlares":true,"showImageEffects":true,"showParticleSystems":true},"in2DMode":false,"pivot":{"x":249.62322998046876,"y":127.31243896484375,"z":-8.138916015625},"rotation":{"x":0.16403836011886598,"y":0.0783299133181572,"z":-0.013068502768874169,"w":0.9832523465156555},"size":2010.7989501953125,"orthographic":false}