{"cameraMode":{"drawMode":0,"name":"Shaded","section":"Shading Mode"},"sceneLighting":false,"audioPlay":false,"sceneViewState":{"showFog":true,"showMaterialUpdate":true,"showSkybox":true,"showFlares":true,"showImageEffects":true,"showParticleSystems":true},"in2DMode":false,"pivot":{"x":0.0,"y":-1.1175870895385743e-8,"z":0.08978282660245896},"rotation":{"x":0.13538700342178346,"y":0.6694482564926148,"z":-0.12597113847732545,"w":0.7194724678993225},"size":0.37713903188705447,"orthographic":false}