{"cameraMode":{"drawMode":0,"name":"Shaded","section":"Shading Mode"},"sceneLighting":true,"audioPlay":false,"sceneViewState":{"showFog":true,"showMaterialUpdate":true,"showSkybox":true,"showFlares":true,"showImageEffects":true,"showParticleSystems":true},"in2DMode":false,"pivot":{"x":-0.1135396957397461,"y":2.9168200492858888,"z":0.10868167877197266},"rotation":{"x":0.13594214618206025,"y":0.8182363510131836,"z":-0.21591541171073914,"w":0.5151598453521729},"size":4.304510593414307,"orthographic":false}